{"_type":"export","__export_format":4,"__export_date":"2022-09-03T04:46:58.299Z","__export_source":"insomnia.desktop.app:v2022.5.1","resources":[{"_id":"req_c1b8c0b8f5444ca5970d3ddc344b0c83","parentId":"wrk_a8288b0ffc204d6d8866c1d45f59cfb9","modified":1662180316809,"created":1662124964575,"url":"http://localhost:3000/api/like","name":"{URL}/api/Like","description":"","method":"POST","body":{"mimeType":"application/json","text":"{\n\t\"commentId\":\"6312065017ea48d589bfe179\",\n\t\"loginId\": \"6312065017ea48d589bfe176\",\n\t\"like\":{\n          \"isLiked\":true\n\t}\n}"},"parameters":[],"headers":[{"name":"Content-Type","value":"application/json","id":"pair_bc64126bb4e7424f952086e23d0d33e6"}],"authentication":{},"metaSortKey":-1662124964575,"isPrivate":false,"settingStoreCookies":true,"settingSendCookies":true,"settingDisableRenderRequestBody":false,"settingEncodeUrl":true,"settingRebuildPath":true,"settingFollowRedirects":"global","_type":"request"},{"_id":"wrk_a8288b0ffc204d6d8866c1d45f59cfb9","parentId":null,"modified":1662038009301,"created":1662038009301,"name":"Boo","description":"","scope":"collection","_type":"workspace"},{"_id":"req_08ad187432df441e9eb4e2a061d088a4","parentId":"wrk_a8288b0ffc204d6d8866c1d45f59cfb9","modified":1662124834970,"created":1662124437284,"url":"http://localhost:3000/api/Comment/","name":"{URL}/api/Comment/GetAllComments","description":"","method":"GET","body":{},"parameters":[],"headers":[],"authentication":{},"metaSortKey":-1662124437284,"isPrivate":false,"settingStoreCookies":true,"settingSendCookies":true,"settingDisableRenderRequestBody":false,"settingEncodeUrl":true,"settingRebuildPath":true,"settingFollowRedirects":"global","_type":"request"},{"_id":"req_540a7d9d5fd9479cae0dc768e2dfe00d","parentId":"wrk_a8288b0ffc204d6d8866c1d45f59cfb9","modified":1662124418938,"created":1662117657768,"url":"http://localhost:3000/api/like","name":"{URL}/api/getAllLikes","description":"","method":"GET","body":{},"parameters":[],"headers":[],"authentication":{},"metaSortKey":-1662117657768,"isPrivate":false,"settingStoreCookies":true,"settingSendCookies":true,"settingDisableRenderRequestBody":false,"settingEncodeUrl":true,"settingRebuildPath":true,"settingFollowRedirects":"global","_type":"request"},{"_id":"req_9d3fa2412acd4801b30a8d2be241aaf5","parentId":"wrk_a8288b0ffc204d6d8866c1d45f59cfb9","modified":1662125224054,"created":1662045376654,"url":"http://localhost:3000/api/Comment/","name":"{URL}/api/Comment","description":"","method":"POST","body":{"mimeType":"application/json","text":"{\n\t\"profileId\":\"6311b38c7cb79d2282a34d17\",\n\t\"loginId\":\"6311b38c7cb79d2282a34d1c\",\n\t\"comment\":{\n\t\t\"title\": \"Thannos\",\n\t\t\"comment\": \"In Avengers he is the destroyer with a single finger snap\",\n\t\t\"mtbi\": \"ESFP\",\n\t\t\"enneagram\": \"6w5\",\n\t\t\"zodiac\": \"Aries\",\n\t\t\"commentedBy\": \"MathiSudhanan\"\n}\n}"},"parameters":[],"headers":[{"name":"Content-Type","value":"application/json","id":"pair_8bb1c4265d2f4709b19a0ff0e96cb113"}],"authentication":{},"metaSortKey":-1662045376654,"isPrivate":false,"settingStoreCookies":true,"settingSendCookies":true,"settingDisableRenderRequestBody":false,"settingEncodeUrl":true,"settingRebuildPath":true,"settingFollowRedirects":"global","_type":"request"},{"_id":"req_7a1a11b149e741c59068f8e7b28d9103","parentId":"wrk_a8288b0ffc204d6d8866c1d45f59cfb9","modified":1662176980799,"created":1662045326795,"url":"http://localhost:3000/api/Comment/6312ce521994c7077e197a98","name":"{URL}/api/Comment/:profileId","description":"","method":"GET","body":{},"parameters":[{"id":"pair_89441a12a87248f6922a9c50719aa4b6","name":"sortBy","value":"best","description":""},{"id":"pair_15787df9104a491c9502c26d36abf2fd","name":"zodiac","value":"Leo","description":"","disabled":false},{"id":"pair_85b8d36c66da4c4eb0c5eadd877ea21a","name":"mtbi","value":"ESTJ","description":"","disabled":true},{"id":"pair_4721828de70e46c6b257563f0df034ec","name":"enneagram","value":"6w5","description":"","disabled":true}],"headers":[],"authentication":{},"metaSortKey":-1662045326795,"isPrivate":false,"settingStoreCookies":true,"settingSendCookies":true,"settingDisableRenderRequestBody":false,"settingEncodeUrl":true,"settingRebuildPath":true,"settingFollowRedirects":"global","_type":"request"},{"_id":"req_25c3686dc5af4ff28d135f97173674fc","parentId":"wrk_a8288b0ffc204d6d8866c1d45f59cfb9","modified":1662167082463,"created":1662038271918,"url":"http://localhost:3000/api/Profile","name":"{URL}/api/Profile","description":"","method":"POST","body":{"mimeType":"application/json","text":"{\n \t\t\"name\": \"Mega\",\n\t\t\"description\": \"Adolph Larrue Martinez III.\",\n\t\t\"mbti\": \"ISFJ\",\n\t\t\"enneagram\": \"9w3\",\n\t\t\"variant\": \"sp/so\",\n\t\t\"tritype\": 725,\n\t\t\"socionics\": \"SEE\",\n\t\t\"sloan\": \"RCOEN\",\n\t\t\"psyche\": \"FEVL\",\n\t\t\"image\": \"https://soulverse.boo.world/images/3.png\",\n\t\t\"comments\": []\n}\n"},"parameters":[],"headers":[{"name":"Content-Type","value":"application/json","id":"pair_56c99f5faba9490f86372d67cf8672e9"}],"authentication":{},"metaSortKey":-1662038271918,"isPrivate":false,"settingStoreCookies":true,"settingSendCookies":true,"settingDisableRenderRequestBody":false,"settingEncodeUrl":true,"settingRebuildPath":true,"settingFollowRedirects":"global","_type":"request"},{"_id":"req_80c3ab541b8c4fdba8a11cbbc6618790","parentId":"wrk_a8288b0ffc204d6d8866c1d45f59cfb9","modified":1662137090359,"created":1662038130047,"url":"http://localhost:3000/api/profile/6310b53b323ed03a60cb348f","name":"{URL}/api/Profile/{id}","description":"","method":"GET","body":{"mimeType":"application/json","text":""},"parameters":[],"headers":[{"name":"Content-Type","value":"application/json"}],"authentication":{},"metaSortKey":-1662038130047,"isPrivate":false,"settingStoreCookies":true,"settingSendCookies":true,"settingDisableRenderRequestBody":false,"settingEncodeUrl":true,"settingRebuildPath":true,"settingFollowRedirects":"global","_type":"request"},{"_id":"req_a79b39d6a2fa4a7aa83ff8208045e07f","parentId":"wrk_a8288b0ffc204d6d8866c1d45f59cfb9","modified":1662180329529,"created":1662038064147,"url":"http://localhost:3000/api/profile","name":"{URL}/api/Profile","description":"","method":"GET","body":{},"parameters":[],"headers":[],"authentication":{},"metaSortKey":-1662038064147,"isPrivate":false,"settingStoreCookies":true,"settingSendCookies":true,"settingDisableRenderRequestBody":false,"settingEncodeUrl":true,"settingRebuildPath":true,"settingFollowRedirects":"global","_type":"request"},{"_id":"env_718be5db7fed0d58bec594c19e30e617f0bceb49","parentId":"wrk_a8288b0ffc204d6d8866c1d45f59cfb9","modified":1662038009306,"created":1662038009306,"name":"Base Environment","data":{},"dataPropertyOrder":null,"color":null,"isPrivate":false,"metaSortKey":1662038009306,"_type":"environment"},{"_id":"jar_718be5db7fed0d58bec594c19e30e617f0bceb49","parentId":"wrk_a8288b0ffc204d6d8866c1d45f59cfb9","modified":1662038009307,"created":1662038009307,"name":"Default Jar","cookies":[],"_type":"cookie_jar"},{"_id":"spc_5312d03d63b94ffea69629871fd7732b","parentId":"wrk_a8288b0ffc204d6d8866c1d45f59cfb9","modified":1662038009301,"created":1662038009301,"fileName":"Boo","contents":"","contentType":"yaml","_type":"api_spec"}]}